"","xvar","yvar","spec","k","fill"
"1",26,"p-uniform",0,12,"0"
"2",26,"uw",0,12,"0"
"3",26,"fe",0,12,"0"
"4",26,"reml",0,12,"0"
"5",26,"rve",0,12,"0"
"6",26,"3-level",1,12,"12"
"7",26,"all es",0,12,"0"
"8",26,"ES > 3 removed",1,12,"12"
"9",26,"all therapy",0,12,"0"
"10",26,"all sexes",0,12,"0"
"11",26,"male",0,12,"0"
"12",26,"female",1,12,"12"
"13",26,"all groups",0,12,"0"
"14",26,"adults",0,12,"0"
"15",26,"non-adults",1,12,"12"
"16",104,"p-uniform",0,8,"0"
"17",104,"uw",0,8,"0"
"18",104,"fe",0,8,"0"
"19",104,"reml",0,8,"0"
"20",104,"rve",0,8,"0"
"21",104,"3-level",1,8,"8"
"22",104,"all es",0,8,"0"
"23",104,"ES > 3 removed",1,8,"8"
"24",104,"all therapy",0,8,"0"
"25",104,"all sexes",0,8,"0"
"26",104,"male",0,8,"0"
"27",104,"female",1,8,"8"
"28",104,"all groups",0,8,"0"
"29",104,"adults",1,8,"8"
"30",104,"non-adults",0,8,"0"
"31",52,"p-uniform",0,20,"0"
"32",52,"uw",0,20,"0"
"33",52,"fe",0,20,"0"
"34",52,"reml",0,20,"0"
"35",52,"rve",0,20,"0"
"36",52,"3-level",1,20,"20"
"37",52,"all es",0,20,"0"
"38",52,"ES > 3 removed",1,20,"20"
"39",52,"all therapy",0,20,"0"
"40",52,"all sexes",0,20,"0"
"41",52,"male",0,20,"0"
"42",52,"female",1,20,"20"
"43",52,"all groups",1,20,"20"
"44",52,"adults",0,20,"0"
"45",52,"non-adults",0,20,"0"
"46",65,"p-uniform",0,9,"0"
"47",65,"uw",0,9,"0"
"48",65,"fe",0,9,"0"
"49",65,"reml",0,9,"0"
"50",65,"rve",0,9,"0"
"51",65,"3-level",1,9,"9"
"52",65,"all es",0,9,"0"
"53",65,"ES > 3 removed",1,9,"9"
"54",65,"all therapy",0,9,"0"
"55",65,"all sexes",0,9,"0"
"56",65,"male",1,9,"9"
"57",65,"female",0,9,"0"
"58",65,"all groups",0,9,"0"
"59",65,"adults",0,9,"0"
"60",65,"non-adults",1,9,"9"
"61",32,"p-uniform",0,11,"0"
"62",32,"uw",0,11,"0"
"63",32,"fe",0,11,"0"
"64",32,"reml",0,11,"0"
"65",32,"rve",0,11,"0"
"66",32,"3-level",1,11,"11"
"67",32,"all es",0,11,"0"
"68",32,"ES > 3 removed",1,11,"11"
"69",32,"all therapy",0,11,"0"
"70",32,"all sexes",0,11,"0"
"71",32,"male",1,11,"11"
"72",32,"female",0,11,"0"
"73",32,"all groups",0,11,"0"
"74",32,"adults",1,11,"11"
"75",32,"non-adults",0,11,"0"
"76",42,"p-uniform",0,20,"0"
"77",42,"uw",0,20,"0"
"78",42,"fe",0,20,"0"
"79",42,"reml",0,20,"0"
"80",42,"rve",0,20,"0"
"81",42,"3-level",1,20,"20"
"82",42,"all es",0,20,"0"
"83",42,"ES > 3 removed",1,20,"20"
"84",42,"all therapy",0,20,"0"
"85",42,"all sexes",0,20,"0"
"86",42,"male",1,20,"20"
"87",42,"female",0,20,"0"
"88",42,"all groups",1,20,"20"
"89",42,"adults",0,20,"0"
"90",42,"non-adults",0,20,"0"
"91",35,"p-uniform",0,21,"0"
"92",35,"uw",0,21,"0"
"93",35,"fe",0,21,"0"
"94",35,"reml",0,21,"0"
"95",35,"rve",0,21,"0"
"96",35,"3-level",1,21,"21"
"97",35,"all es",0,21,"0"
"98",35,"ES > 3 removed",1,21,"21"
"99",35,"all therapy",0,21,"0"
"100",35,"all sexes",1,21,"21"
"101",35,"male",0,21,"0"
"102",35,"female",0,21,"0"
"103",35,"all groups",0,21,"0"
"104",35,"adults",0,21,"0"
"105",35,"non-adults",1,21,"21"
"106",70,"p-uniform",0,19,"0"
"107",70,"uw",0,19,"0"
"108",70,"fe",0,19,"0"
"109",70,"reml",0,19,"0"
"110",70,"rve",0,19,"0"
"111",70,"3-level",1,19,"19"
"112",70,"all es",0,19,"0"
"113",70,"ES > 3 removed",1,19,"19"
"114",70,"all therapy",0,19,"0"
"115",70,"all sexes",1,19,"19"
"116",70,"male",0,19,"0"
"117",70,"female",0,19,"0"
"118",70,"all groups",0,19,"0"
"119",70,"adults",1,19,"19"
"120",70,"non-adults",0,19,"0"
"121",48,"p-uniform",0,40,"0"
"122",48,"uw",0,40,"0"
"123",48,"fe",0,40,"0"
"124",48,"reml",0,40,"0"
"125",48,"rve",0,40,"0"
"126",48,"3-level",1,40,"40"
"127",48,"all es",0,40,"0"
"128",48,"ES > 3 removed",1,40,"40"
"129",48,"all therapy",0,40,"0"
"130",48,"all sexes",1,40,"40"
"131",48,"male",0,40,"0"
"132",48,"female",0,40,"0"
"133",48,"all groups",1,40,"40"
"134",48,"adults",0,40,"0"
"135",48,"non-adults",0,40,"0"
"136",23,"p-uniform",0,9,"0"
"137",23,"uw",0,9,"0"
"138",23,"fe",0,9,"0"
"139",23,"reml",0,9,"0"
"140",23,"rve",0,9,"0"
"141",23,"3-level",1,9,"9"
"142",23,"all es",0,9,"0"
"143",23,"ES > 3 removed",1,9,"9"
"144",23,"all therapy",0,9,"0"
"145",23,"all sexes",0,9,"0"
"146",23,"male",1,9,"9"
"147",23,"female",0,9,"0"
"148",23,"all groups",0,9,"0"
"149",23,"adults",0,9,"0"
"150",23,"non-adults",1,9,"9"
"151",110,"p-uniform",0,11,"0"
"152",110,"uw",0,11,"0"
"153",110,"fe",0,11,"0"
"154",110,"reml",0,11,"0"
"155",110,"rve",0,11,"0"
"156",110,"3-level",1,11,"11"
"157",110,"all es",0,11,"0"
"158",110,"ES > 3 removed",1,11,"11"
"159",110,"all therapy",0,11,"0"
"160",110,"all sexes",0,11,"0"
"161",110,"male",1,11,"11"
"162",110,"female",0,11,"0"
"163",110,"all groups",0,11,"0"
"164",110,"adults",1,11,"11"
"165",110,"non-adults",0,11,"0"
"166",85,"p-uniform",0,20,"0"
"167",85,"uw",0,20,"0"
"168",85,"fe",0,20,"0"
"169",85,"reml",0,20,"0"
"170",85,"rve",0,20,"0"
"171",85,"3-level",1,20,"20"
"172",85,"all es",0,20,"0"
"173",85,"ES > 3 removed",1,20,"20"
"174",85,"all therapy",0,20,"0"
"175",85,"all sexes",0,20,"0"
"176",85,"male",1,20,"20"
"177",85,"female",0,20,"0"
"178",85,"all groups",1,20,"20"
"179",85,"adults",0,20,"0"
"180",85,"non-adults",0,20,"0"
"181",125,"p-uniform",0,2,"0"
"182",125,"uw",0,2,"0"
"183",125,"fe",0,2,"0"
"184",125,"reml",0,2,"0"
"185",125,"rve",0,2,"0"
"186",125,"3-level",1,2,"2"
"187",125,"all es",0,2,"0"
"188",125,"ES > 3 removed",1,2,"2"
"189",125,"all therapy",0,2,"0"
"190",125,"all sexes",0,2,"0"
"191",125,"male",1,2,"2"
"192",125,"female",0,2,"0"
"193",125,"all groups",0,2,"0"
"194",125,"adults",0,2,"0"
"195",125,"non-adults",1,2,"2"
"196",113,"p-uniform",0,3,"0"
"197",113,"uw",0,3,"0"
"198",113,"fe",0,3,"0"
"199",113,"reml",0,3,"0"
"200",113,"rve",0,3,"0"
"201",113,"3-level",1,3,"3"
"202",113,"all es",0,3,"0"
"203",113,"ES > 3 removed",1,3,"3"
"204",113,"all therapy",0,3,"0"
"205",113,"all sexes",0,3,"0"
"206",113,"male",1,3,"3"
"207",113,"female",0,3,"0"
"208",113,"all groups",0,3,"0"
"209",113,"adults",1,3,"3"
"210",113,"non-adults",0,3,"0"
"211",119,"p-uniform",0,5,"0"
"212",119,"uw",0,5,"0"
"213",119,"fe",0,5,"0"
"214",119,"reml",0,5,"0"
"215",119,"rve",0,5,"0"
"216",119,"3-level",1,5,"5"
"217",119,"all es",0,5,"0"
"218",119,"ES > 3 removed",1,5,"5"
"219",119,"all therapy",0,5,"0"
"220",119,"all sexes",0,5,"0"
"221",119,"male",1,5,"5"
"222",119,"female",0,5,"0"
"223",119,"all groups",1,5,"5"
"224",119,"adults",0,5,"0"
"225",119,"non-adults",0,5,"0"
"226",60,"p-uniform",0,20,"0"
"227",60,"uw",0,20,"0"
"228",60,"fe",0,20,"0"
"229",60,"reml",0,20,"0"
"230",60,"rve",0,20,"0"
"231",60,"3-level",1,20,"20"
"232",60,"all es",0,20,"0"
"233",60,"ES > 3 removed",1,20,"20"
"234",60,"all therapy",0,20,"0"
"235",60,"all sexes",0,20,"0"
"236",60,"male",1,20,"20"
"237",60,"female",0,20,"0"
"238",60,"all groups",0,20,"0"
"239",60,"adults",0,20,"0"
"240",60,"non-adults",1,20,"20"
"241",97,"p-uniform",0,25,"0"
"242",97,"uw",0,25,"0"
"243",97,"fe",0,25,"0"
"244",97,"reml",0,25,"0"
"245",97,"rve",0,25,"0"
"246",97,"3-level",1,25,"25"
"247",97,"all es",0,25,"0"
"248",97,"ES > 3 removed",1,25,"25"
"249",97,"all therapy",0,25,"0"
"250",97,"all sexes",0,25,"0"
"251",97,"male",1,25,"25"
"252",97,"female",0,25,"0"
"253",97,"all groups",0,25,"0"
"254",97,"adults",1,25,"25"
"255",97,"non-adults",0,25,"0"
"256",77,"p-uniform",0,45,"0"
"257",77,"uw",0,45,"0"
"258",77,"fe",0,45,"0"
"259",77,"reml",0,45,"0"
"260",77,"rve",0,45,"0"
"261",77,"3-level",1,45,"45"
"262",77,"all es",0,45,"0"
"263",77,"ES > 3 removed",1,45,"45"
"264",77,"all therapy",0,45,"0"
"265",77,"all sexes",0,45,"0"
"266",77,"male",1,45,"45"
"267",77,"female",0,45,"0"
"268",77,"all groups",1,45,"45"
"269",77,"adults",0,45,"0"
"270",77,"non-adults",0,45,"0"
"271",39,"p-uniform",0,32,"0"
"272",39,"uw",0,32,"0"
"273",39,"fe",0,32,"0"
"274",39,"reml",0,32,"0"
"275",39,"rve",0,32,"0"
"276",39,"3-level",1,32,"32"
"277",39,"all es",0,32,"0"
"278",39,"ES > 3 removed",1,32,"32"
"279",39,"all therapy",0,32,"0"
"280",39,"all sexes",1,32,"32"
"281",39,"male",0,32,"0"
"282",39,"female",0,32,"0"
"283",39,"all groups",0,32,"0"
"284",39,"adults",0,32,"0"
"285",39,"non-adults",1,32,"32"
"286",100,"p-uniform",0,33,"0"
"287",100,"uw",0,33,"0"
"288",100,"fe",0,33,"0"
"289",100,"reml",0,33,"0"
"290",100,"rve",0,33,"0"
"291",100,"3-level",1,33,"33"
"292",100,"all es",0,33,"0"
"293",100,"ES > 3 removed",1,33,"33"
"294",100,"all therapy",0,33,"0"
"295",100,"all sexes",1,33,"33"
"296",100,"male",0,33,"0"
"297",100,"female",0,33,"0"
"298",100,"all groups",0,33,"0"
"299",100,"adults",1,33,"33"
"300",100,"non-adults",0,33,"0"
"301",76,"p-uniform",0,65,"0"
"302",76,"uw",0,65,"0"
"303",76,"fe",0,65,"0"
"304",76,"reml",0,65,"0"
"305",76,"rve",0,65,"0"
"306",76,"3-level",1,65,"65"
"307",76,"all es",0,65,"0"
"308",76,"ES > 3 removed",1,65,"65"
"309",76,"all therapy",0,65,"0"
"310",76,"all sexes",1,65,"65"
"311",76,"male",0,65,"0"
"312",76,"female",0,65,"0"
"313",76,"all groups",1,65,"65"
"314",76,"adults",0,65,"0"
"315",76,"non-adults",0,65,"0"
"316",28,"p-uniform",0,12,"0"
"317",28,"uw",0,12,"0"
"318",28,"fe",0,12,"0"
"319",28,"reml",0,12,"0"
"320",28,"rve",1,12,"12"
"321",28,"3-level",0,12,"0"
"322",28,"all es",0,12,"0"
"323",28,"ES > 3 removed",1,12,"12"
"324",28,"all therapy",0,12,"0"
"325",28,"all sexes",0,12,"0"
"326",28,"male",0,12,"0"
"327",28,"female",1,12,"12"
"328",28,"all groups",0,12,"0"
"329",28,"adults",0,12,"0"
"330",28,"non-adults",1,12,"12"
"331",27,"p-uniform",0,8,"0"
"332",27,"uw",0,8,"0"
"333",27,"fe",0,8,"0"
"334",27,"reml",0,8,"0"
"335",27,"rve",1,8,"8"
"336",27,"3-level",0,8,"0"
"337",27,"all es",0,8,"0"
"338",27,"ES > 3 removed",1,8,"8"
"339",27,"all therapy",0,8,"0"
"340",27,"all sexes",0,8,"0"
"341",27,"male",0,8,"0"
"342",27,"female",1,8,"8"
"343",27,"all groups",0,8,"0"
"344",27,"adults",1,8,"8"
"345",27,"non-adults",0,8,"0"
"346",53,"p-uniform",0,20,"0"
"347",53,"uw",0,20,"0"
"348",53,"fe",0,20,"0"
"349",53,"reml",0,20,"0"
"350",53,"rve",1,20,"20"
"351",53,"3-level",0,20,"0"
"352",53,"all es",0,20,"0"
"353",53,"ES > 3 removed",1,20,"20"
"354",53,"all therapy",0,20,"0"
"355",53,"all sexes",0,20,"0"
"356",53,"male",0,20,"0"
"357",53,"female",1,20,"20"
"358",53,"all groups",1,20,"20"
"359",53,"adults",0,20,"0"
"360",53,"non-adults",0,20,"0"
"361",51,"p-uniform",0,9,"0"
"362",51,"uw",0,9,"0"
"363",51,"fe",0,9,"0"
"364",51,"reml",0,9,"0"
"365",51,"rve",1,9,"9"
"366",51,"3-level",0,9,"0"
"367",51,"all es",0,9,"0"
"368",51,"ES > 3 removed",1,9,"9"
"369",51,"all therapy",0,9,"0"
"370",51,"all sexes",0,9,"0"
"371",51,"male",1,9,"9"
"372",51,"female",0,9,"0"
"373",51,"all groups",0,9,"0"
"374",51,"adults",0,9,"0"
"375",51,"non-adults",1,9,"9"
"376",31,"p-uniform",0,11,"0"
"377",31,"uw",0,11,"0"
"378",31,"fe",0,11,"0"
"379",31,"reml",0,11,"0"
"380",31,"rve",1,11,"11"
"381",31,"3-level",0,11,"0"
"382",31,"all es",0,11,"0"
"383",31,"ES > 3 removed",1,11,"11"
"384",31,"all therapy",0,11,"0"
"385",31,"all sexes",0,11,"0"
"386",31,"male",1,11,"11"
"387",31,"female",0,11,"0"
"388",31,"all groups",0,11,"0"
"389",31,"adults",1,11,"11"
"390",31,"non-adults",0,11,"0"
"391",41,"p-uniform",0,20,"0"
"392",41,"uw",0,20,"0"
"393",41,"fe",0,20,"0"
"394",41,"reml",0,20,"0"
"395",41,"rve",1,20,"20"
"396",41,"3-level",0,20,"0"
"397",41,"all es",0,20,"0"
"398",41,"ES > 3 removed",1,20,"20"
"399",41,"all therapy",0,20,"0"
"400",41,"all sexes",0,20,"0"
"401",41,"male",1,20,"20"
"402",41,"female",0,20,"0"
"403",41,"all groups",1,20,"20"
"404",41,"adults",0,20,"0"
"405",41,"non-adults",0,20,"0"
"406",36,"p-uniform",0,21,"0"
"407",36,"uw",0,21,"0"
"408",36,"fe",0,21,"0"
"409",36,"reml",0,21,"0"
"410",36,"rve",1,21,"21"
"411",36,"3-level",0,21,"0"
"412",36,"all es",0,21,"0"
"413",36,"ES > 3 removed",1,21,"21"
"414",36,"all therapy",0,21,"0"
"415",36,"all sexes",1,21,"21"
"416",36,"male",0,21,"0"
"417",36,"female",0,21,"0"
"418",36,"all groups",0,21,"0"
"419",36,"adults",0,21,"0"
"420",36,"non-adults",1,21,"21"
"421",69,"p-uniform",0,19,"0"
"422",69,"uw",0,19,"0"
"423",69,"fe",0,19,"0"
"424",69,"reml",0,19,"0"
"425",69,"rve",1,19,"19"
"426",69,"3-level",0,19,"0"
"427",69,"all es",0,19,"0"
"428",69,"ES > 3 removed",1,19,"19"
"429",69,"all therapy",0,19,"0"
"430",69,"all sexes",1,19,"19"
"431",69,"male",0,19,"0"
"432",69,"female",0,19,"0"
"433",69,"all groups",0,19,"0"
"434",69,"adults",1,19,"19"
"435",69,"non-adults",0,19,"0"
"436",46,"p-uniform",0,40,"0"
"437",46,"uw",0,40,"0"
"438",46,"fe",0,40,"0"
"439",46,"reml",0,40,"0"
"440",46,"rve",1,40,"40"
"441",46,"3-level",0,40,"0"
"442",46,"all es",0,40,"0"
"443",46,"ES > 3 removed",1,40,"40"
"444",46,"all therapy",0,40,"0"
"445",46,"all sexes",1,40,"40"
"446",46,"male",0,40,"0"
"447",46,"female",0,40,"0"
"448",46,"all groups",1,40,"40"
"449",46,"adults",0,40,"0"
"450",46,"non-adults",0,40,"0"
"451",47,"p-uniform",0,9,"0"
"452",47,"uw",0,9,"0"
"453",47,"fe",0,9,"0"
"454",47,"reml",0,9,"0"
"455",47,"rve",1,9,"9"
"456",47,"3-level",0,9,"0"
"457",47,"all es",0,9,"0"
"458",47,"ES > 3 removed",1,9,"9"
"459",47,"all therapy",0,9,"0"
"460",47,"all sexes",0,9,"0"
"461",47,"male",1,9,"9"
"462",47,"female",0,9,"0"
"463",47,"all groups",0,9,"0"
"464",47,"adults",0,9,"0"
"465",47,"non-adults",1,9,"9"
"466",111,"p-uniform",0,11,"0"
"467",111,"uw",0,11,"0"
"468",111,"fe",0,11,"0"
"469",111,"reml",0,11,"0"
"470",111,"rve",1,11,"11"
"471",111,"3-level",0,11,"0"
"472",111,"all es",0,11,"0"
"473",111,"ES > 3 removed",1,11,"11"
"474",111,"all therapy",0,11,"0"
"475",111,"all sexes",0,11,"0"
"476",111,"male",1,11,"11"
"477",111,"female",0,11,"0"
"478",111,"all groups",0,11,"0"
"479",111,"adults",1,11,"11"
"480",111,"non-adults",0,11,"0"
"481",82,"p-uniform",0,20,"0"
"482",82,"uw",0,20,"0"
"483",82,"fe",0,20,"0"
"484",82,"reml",0,20,"0"
"485",82,"rve",1,20,"20"
"486",82,"3-level",0,20,"0"
"487",82,"all es",0,20,"0"
"488",82,"ES > 3 removed",1,20,"20"
"489",82,"all therapy",0,20,"0"
"490",82,"all sexes",0,20,"0"
"491",82,"male",1,20,"20"
"492",82,"female",0,20,"0"
"493",82,"all groups",1,20,"20"
"494",82,"adults",0,20,"0"
"495",82,"non-adults",0,20,"0"
"496",84,"p-uniform",0,9,"0"
"497",84,"uw",0,9,"0"
"498",84,"fe",0,9,"0"
"499",84,"reml",0,9,"0"
"500",84,"rve",1,9,"9"
"501",84,"3-level",0,9,"0"
"502",84,"all es",0,9,"0"
"503",84,"ES > 3 removed",1,9,"9"
"504",84,"all therapy",0,9,"0"
"505",84,"all sexes",1,9,"9"
"506",84,"male",0,9,"0"
"507",84,"female",0,9,"0"
"508",84,"all groups",0,9,"0"
"509",84,"adults",0,9,"0"
"510",84,"non-adults",1,9,"9"
"511",81,"p-uniform",0,2,"0"
"512",81,"uw",0,2,"0"
"513",81,"fe",0,2,"0"
"514",81,"reml",0,2,"0"
"515",81,"rve",1,2,"2"
"516",81,"3-level",0,2,"0"
"517",81,"all es",0,2,"0"
"518",81,"ES > 3 removed",1,2,"2"
"519",81,"all therapy",0,2,"0"
"520",81,"all sexes",0,2,"0"
"521",81,"male",1,2,"2"
"522",81,"female",0,2,"0"
"523",81,"all groups",0,2,"0"
"524",81,"adults",0,2,"0"
"525",81,"non-adults",1,2,"2"
"526",86,"p-uniform",0,3,"0"
"527",86,"uw",0,3,"0"
"528",86,"fe",0,3,"0"
"529",86,"reml",0,3,"0"
"530",86,"rve",1,3,"3"
"531",86,"3-level",0,3,"0"
"532",86,"all es",0,3,"0"
"533",86,"ES > 3 removed",1,3,"3"
"534",86,"all therapy",0,3,"0"
"535",86,"all sexes",0,3,"0"
"536",86,"male",1,3,"3"
"537",86,"female",0,3,"0"
"538",86,"all groups",0,3,"0"
"539",86,"adults",1,3,"3"
"540",86,"non-adults",0,3,"0"
"541",83,"p-uniform",0,5,"0"
"542",83,"uw",0,5,"0"
"543",83,"fe",0,5,"0"
"544",83,"reml",0,5,"0"
"545",83,"rve",1,5,"5"
"546",83,"3-level",0,5,"0"
"547",83,"all es",0,5,"0"
"548",83,"ES > 3 removed",1,5,"5"
"549",83,"all therapy",0,5,"0"
"550",83,"all sexes",0,5,"0"
"551",83,"male",1,5,"5"
"552",83,"female",0,5,"0"
"553",83,"all groups",1,5,"5"
"554",83,"adults",0,5,"0"
"555",83,"non-adults",0,5,"0"
"556",54,"p-uniform",0,20,"0"
"557",54,"uw",0,20,"0"
"558",54,"fe",0,20,"0"
"559",54,"reml",0,20,"0"
"560",54,"rve",1,20,"20"
"561",54,"3-level",0,20,"0"
"562",54,"all es",0,20,"0"
"563",54,"ES > 3 removed",1,20,"20"
"564",54,"all therapy",0,20,"0"
"565",54,"all sexes",0,20,"0"
"566",54,"male",1,20,"20"
"567",54,"female",0,20,"0"
"568",54,"all groups",0,20,"0"
"569",54,"adults",0,20,"0"
"570",54,"non-adults",1,20,"20"
"571",98,"p-uniform",0,25,"0"
"572",98,"uw",0,25,"0"
"573",98,"fe",0,25,"0"
"574",98,"reml",0,25,"0"
"575",98,"rve",1,25,"25"
"576",98,"3-level",0,25,"0"
"577",98,"all es",0,25,"0"
"578",98,"ES > 3 removed",1,25,"25"
"579",98,"all therapy",0,25,"0"
"580",98,"all sexes",0,25,"0"
"581",98,"male",1,25,"25"
"582",98,"female",0,25,"0"
"583",98,"all groups",0,25,"0"
"584",98,"adults",1,25,"25"
"585",98,"non-adults",0,25,"0"
"586",78,"p-uniform",0,45,"0"
"587",78,"uw",0,45,"0"
"588",78,"fe",0,45,"0"
"589",78,"reml",0,45,"0"
"590",78,"rve",1,45,"45"
"591",78,"3-level",0,45,"0"
"592",78,"all es",0,45,"0"
"593",78,"ES > 3 removed",1,45,"45"
"594",78,"all therapy",0,45,"0"
"595",78,"all sexes",0,45,"0"
"596",78,"male",1,45,"45"
"597",78,"female",0,45,"0"
"598",78,"all groups",1,45,"45"
"599",78,"adults",0,45,"0"
"600",78,"non-adults",0,45,"0"
"601",40,"p-uniform",0,32,"0"
"602",40,"uw",0,32,"0"
"603",40,"fe",0,32,"0"
"604",40,"reml",0,32,"0"
"605",40,"rve",1,32,"32"
"606",40,"3-level",0,32,"0"
"607",40,"all es",0,32,"0"
"608",40,"ES > 3 removed",1,32,"32"
"609",40,"all therapy",0,32,"0"
"610",40,"all sexes",1,32,"32"
"611",40,"male",0,32,"0"
"612",40,"female",0,32,"0"
"613",40,"all groups",0,32,"0"
"614",40,"adults",0,32,"0"
"615",40,"non-adults",1,32,"32"
"616",99,"p-uniform",0,33,"0"
"617",99,"uw",0,33,"0"
"618",99,"fe",0,33,"0"
"619",99,"reml",0,33,"0"
"620",99,"rve",1,33,"33"
"621",99,"3-level",0,33,"0"
"622",99,"all es",0,33,"0"
"623",99,"ES > 3 removed",1,33,"33"
"624",99,"all therapy",0,33,"0"
"625",99,"all sexes",1,33,"33"
"626",99,"male",0,33,"0"
"627",99,"female",0,33,"0"
"628",99,"all groups",0,33,"0"
"629",99,"adults",1,33,"33"
"630",99,"non-adults",0,33,"0"
"631",75,"p-uniform",0,65,"0"
"632",75,"uw",0,65,"0"
"633",75,"fe",0,65,"0"
"634",75,"reml",0,65,"0"
"635",75,"rve",1,65,"65"
"636",75,"3-level",0,65,"0"
"637",75,"all es",0,65,"0"
"638",75,"ES > 3 removed",1,65,"65"
"639",75,"all therapy",0,65,"0"
"640",75,"all sexes",1,65,"65"
"641",75,"male",0,65,"0"
"642",75,"female",0,65,"0"
"643",75,"all groups",1,65,"65"
"644",75,"adults",0,65,"0"
"645",75,"non-adults",0,65,"0"
"646",24,"p-uniform",0,11,"0"
"647",24,"uw",0,11,"0"
"648",24,"fe",0,11,"0"
"649",24,"reml",1,11,"11"
"650",24,"rve",0,11,"0"
"651",24,"3-level",0,11,"0"
"652",24,"all es",0,11,"0"
"653",24,"ES > 3 removed",1,11,"11"
"654",24,"all therapy",0,11,"0"
"655",24,"all sexes",0,11,"0"
"656",24,"male",0,11,"0"
"657",24,"female",1,11,"11"
"658",24,"all groups",0,11,"0"
"659",24,"adults",0,11,"0"
"660",24,"non-adults",1,11,"11"
"661",105,"p-uniform",0,8,"0"
"662",105,"uw",0,8,"0"
"663",105,"fe",0,8,"0"
"664",105,"reml",1,8,"8"
"665",105,"rve",0,8,"0"
"666",105,"3-level",0,8,"0"
"667",105,"all es",0,8,"0"
"668",105,"ES > 3 removed",1,8,"8"
"669",105,"all therapy",0,8,"0"
"670",105,"all sexes",0,8,"0"
"671",105,"male",0,8,"0"
"672",105,"female",1,8,"8"
"673",105,"all groups",0,8,"0"
"674",105,"adults",1,8,"8"
"675",105,"non-adults",0,8,"0"
"676",44,"p-uniform",0,15,"0"
"677",44,"uw",0,15,"0"
"678",44,"fe",0,15,"0"
"679",44,"reml",1,15,"15"
"680",44,"rve",0,15,"0"
"681",44,"3-level",0,15,"0"
"682",44,"all es",0,15,"0"
"683",44,"ES > 3 removed",1,15,"15"
"684",44,"all therapy",0,15,"0"
"685",44,"all sexes",0,15,"0"
"686",44,"male",0,15,"0"
"687",44,"female",1,15,"15"
"688",44,"all groups",1,15,"15"
"689",44,"adults",0,15,"0"
"690",44,"non-adults",0,15,"0"
"691",66,"p-uniform",0,9,"0"
"692",66,"uw",0,9,"0"
"693",66,"fe",0,9,"0"
"694",66,"reml",1,9,"9"
"695",66,"rve",0,9,"0"
"696",66,"3-level",0,9,"0"
"697",66,"all es",0,9,"0"
"698",66,"ES > 3 removed",1,9,"9"
"699",66,"all therapy",0,9,"0"
"700",66,"all sexes",0,9,"0"
"701",66,"male",1,9,"9"
"702",66,"female",0,9,"0"
"703",66,"all groups",0,9,"0"
"704",66,"adults",0,9,"0"
"705",66,"non-adults",1,9,"9"
"706",19,"p-uniform",0,10,"0"
"707",19,"uw",0,10,"0"
"708",19,"fe",0,10,"0"
"709",19,"reml",1,10,"10"
"710",19,"rve",0,10,"0"
"711",19,"3-level",0,10,"0"
"712",19,"all es",0,10,"0"
"713",19,"ES > 3 removed",1,10,"10"
"714",19,"all therapy",0,10,"0"
"715",19,"all sexes",0,10,"0"
"716",19,"male",1,10,"10"
"717",19,"female",0,10,"0"
"718",19,"all groups",0,10,"0"
"719",19,"adults",1,10,"10"
"720",19,"non-adults",0,10,"0"
"721",16,"p-uniform",0,15,"0"
"722",16,"uw",0,15,"0"
"723",16,"fe",0,15,"0"
"724",16,"reml",1,15,"15"
"725",16,"rve",0,15,"0"
"726",16,"3-level",0,15,"0"
"727",16,"all es",0,15,"0"
"728",16,"ES > 3 removed",1,15,"15"
"729",16,"all therapy",0,15,"0"
"730",16,"all sexes",0,15,"0"
"731",16,"male",1,15,"15"
"732",16,"female",0,15,"0"
"733",16,"all groups",1,15,"15"
"734",16,"adults",0,15,"0"
"735",16,"non-adults",0,15,"0"
"736",34,"p-uniform",0,20,"0"
"737",34,"uw",0,20,"0"
"738",34,"fe",0,20,"0"
"739",34,"reml",1,20,"20"
"740",34,"rve",0,20,"0"
"741",34,"3-level",0,20,"0"
"742",34,"all es",0,20,"0"
"743",34,"ES > 3 removed",1,20,"20"
"744",34,"all therapy",0,20,"0"
"745",34,"all sexes",1,20,"20"
"746",34,"male",0,20,"0"
"747",34,"female",0,20,"0"
"748",34,"all groups",0,20,"0"
"749",34,"adults",0,20,"0"
"750",34,"non-adults",1,20,"20"
"751",56,"p-uniform",0,18,"0"
"752",56,"uw",0,18,"0"
"753",56,"fe",0,18,"0"
"754",56,"reml",1,18,"18"
"755",56,"rve",0,18,"0"
"756",56,"3-level",0,18,"0"
"757",56,"all es",0,18,"0"
"758",56,"ES > 3 removed",1,18,"18"
"759",56,"all therapy",0,18,"0"
"760",56,"all sexes",1,18,"18"
"761",56,"male",0,18,"0"
"762",56,"female",0,18,"0"
"763",56,"all groups",0,18,"0"
"764",56,"adults",1,18,"18"
"765",56,"non-adults",0,18,"0"
"766",30,"p-uniform",0,30,"0"
"767",30,"uw",0,30,"0"
"768",30,"fe",0,30,"0"
"769",30,"reml",1,30,"30"
"770",30,"rve",0,30,"0"
"771",30,"3-level",0,30,"0"
"772",30,"all es",0,30,"0"
"773",30,"ES > 3 removed",1,30,"30"
"774",30,"all therapy",0,30,"0"
"775",30,"all sexes",1,30,"30"
"776",30,"male",0,30,"0"
"777",30,"female",0,30,"0"
"778",30,"all groups",1,30,"30"
"779",30,"adults",0,30,"0"
"780",30,"non-adults",0,30,"0"
"781",22,"p-uniform",0,9,"0"
"782",22,"uw",0,9,"0"
"783",22,"fe",0,9,"0"
"784",22,"reml",1,9,"9"
"785",22,"rve",0,9,"0"
"786",22,"3-level",0,9,"0"
"787",22,"all es",0,9,"0"
"788",22,"ES > 3 removed",1,9,"9"
"789",22,"all therapy",0,9,"0"
"790",22,"all sexes",0,9,"0"
"791",22,"male",1,9,"9"
"792",22,"female",0,9,"0"
"793",22,"all groups",0,9,"0"
"794",22,"adults",0,9,"0"
"795",22,"non-adults",1,9,"9"
"796",107,"p-uniform",0,10,"0"
"797",107,"uw",0,10,"0"
"798",107,"fe",0,10,"0"
"799",107,"reml",1,10,"10"
"800",107,"rve",0,10,"0"
"801",107,"3-level",0,10,"0"
"802",107,"all es",0,10,"0"
"803",107,"ES > 3 removed",1,10,"10"
"804",107,"all therapy",0,10,"0"
"805",107,"all sexes",0,10,"0"
"806",107,"male",1,10,"10"
"807",107,"female",0,10,"0"
"808",107,"all groups",0,10,"0"
"809",107,"adults",1,10,"10"
"810",107,"non-adults",0,10,"0"
"811",89,"p-uniform",0,15,"0"
"812",89,"uw",0,15,"0"
"813",89,"fe",0,15,"0"
"814",89,"reml",1,15,"15"
"815",89,"rve",0,15,"0"
"816",89,"3-level",0,15,"0"
"817",89,"all es",0,15,"0"
"818",89,"ES > 3 removed",1,15,"15"
"819",89,"all therapy",0,15,"0"
"820",89,"all sexes",0,15,"0"
"821",89,"male",1,15,"15"
"822",89,"female",0,15,"0"
"823",89,"all groups",1,15,"15"
"824",89,"adults",0,15,"0"
"825",89,"non-adults",0,15,"0"
"826",123,"p-uniform",0,2,"0"
"827",123,"uw",0,2,"0"
"828",123,"fe",0,2,"0"
"829",123,"reml",1,2,"2"
"830",123,"rve",0,2,"0"
"831",123,"3-level",0,2,"0"
"832",123,"all es",0,2,"0"
"833",123,"ES > 3 removed",1,2,"2"
"834",123,"all therapy",0,2,"0"
"835",123,"all sexes",0,2,"0"
"836",123,"male",1,2,"2"
"837",123,"female",0,2,"0"
"838",123,"all groups",0,2,"0"
"839",123,"adults",0,2,"0"
"840",123,"non-adults",1,2,"2"
"841",115,"p-uniform",0,3,"0"
"842",115,"uw",0,3,"0"
"843",115,"fe",0,3,"0"
"844",115,"reml",1,3,"3"
"845",115,"rve",0,3,"0"
"846",115,"3-level",0,3,"0"
"847",115,"all es",0,3,"0"
"848",115,"ES > 3 removed",1,3,"3"
"849",115,"all therapy",0,3,"0"
"850",115,"all sexes",0,3,"0"
"851",115,"male",1,3,"3"
"852",115,"female",0,3,"0"
"853",115,"all groups",0,3,"0"
"854",115,"adults",1,3,"3"
"855",115,"non-adults",0,3,"0"
"856",120,"p-uniform",0,5,"0"
"857",120,"uw",0,5,"0"
"858",120,"fe",0,5,"0"
"859",120,"reml",1,5,"5"
"860",120,"rve",0,5,"0"
"861",120,"3-level",0,5,"0"
"862",120,"all es",0,5,"0"
"863",120,"ES > 3 removed",1,5,"5"
"864",120,"all therapy",0,5,"0"
"865",120,"all sexes",0,5,"0"
"866",120,"male",1,5,"5"
"867",120,"female",0,5,"0"
"868",120,"all groups",1,5,"5"
"869",120,"adults",0,5,"0"
"870",120,"non-adults",0,5,"0"
"871",59,"p-uniform",0,20,"0"
"872",59,"uw",0,20,"0"
"873",59,"fe",0,20,"0"
"874",59,"reml",1,20,"20"
"875",59,"rve",0,20,"0"
"876",59,"3-level",0,20,"0"
"877",59,"all es",0,20,"0"
"878",59,"ES > 3 removed",1,20,"20"
"879",59,"all therapy",0,20,"0"
"880",59,"all sexes",0,20,"0"
"881",59,"male",1,20,"20"
"882",59,"female",0,20,"0"
"883",59,"all groups",0,20,"0"
"884",59,"adults",0,20,"0"
"885",59,"non-adults",1,20,"20"
"886",79,"p-uniform",0,23,"0"
"887",79,"uw",0,23,"0"
"888",79,"fe",0,23,"0"
"889",79,"reml",1,23,"23"
"890",79,"rve",0,23,"0"
"891",79,"3-level",0,23,"0"
"892",79,"all es",0,23,"0"
"893",79,"ES > 3 removed",1,23,"23"
"894",79,"all therapy",0,23,"0"
"895",79,"all sexes",0,23,"0"
"896",79,"male",1,23,"23"
"897",79,"female",0,23,"0"
"898",79,"all groups",0,23,"0"
"899",79,"adults",1,23,"23"
"900",79,"non-adults",0,23,"0"
"901",71,"p-uniform",0,35,"0"
"902",71,"uw",0,35,"0"
"903",71,"fe",0,35,"0"
"904",71,"reml",1,35,"35"
"905",71,"rve",0,35,"0"
"906",71,"3-level",0,35,"0"
"907",71,"all es",0,35,"0"
"908",71,"ES > 3 removed",1,35,"35"
"909",71,"all therapy",0,35,"0"
"910",71,"all sexes",0,35,"0"
"911",71,"male",1,35,"35"
"912",71,"female",0,35,"0"
"913",71,"all groups",1,35,"35"
"914",71,"adults",0,35,"0"
"915",71,"non-adults",0,35,"0"
"916",38,"p-uniform",0,31,"0"
"917",38,"uw",0,31,"0"
"918",38,"fe",0,31,"0"
"919",38,"reml",1,31,"31"
"920",38,"rve",0,31,"0"
"921",38,"3-level",0,31,"0"
"922",38,"all es",0,31,"0"
"923",38,"ES > 3 removed",1,31,"31"
"924",38,"all therapy",0,31,"0"
"925",38,"all sexes",1,31,"31"
"926",38,"male",0,31,"0"
"927",38,"female",0,31,"0"
"928",38,"all groups",0,31,"0"
"929",38,"adults",0,31,"0"
"930",38,"non-adults",1,31,"31"
"931",92,"p-uniform",0,31,"0"
"932",92,"uw",0,31,"0"
"933",92,"fe",0,31,"0"
"934",92,"reml",1,31,"31"
"935",92,"rve",0,31,"0"
"936",92,"3-level",0,31,"0"
"937",92,"all es",0,31,"0"
"938",92,"ES > 3 removed",1,31,"31"
"939",92,"all therapy",0,31,"0"
"940",92,"all sexes",1,31,"31"
"941",92,"male",0,31,"0"
"942",92,"female",0,31,"0"
"943",92,"all groups",0,31,"0"
"944",92,"adults",1,31,"31"
"945",92,"non-adults",0,31,"0"
"946",64,"p-uniform",0,50,"0"
"947",64,"uw",0,50,"0"
"948",64,"fe",0,50,"0"
"949",64,"reml",1,50,"50"
"950",64,"rve",0,50,"0"
"951",64,"3-level",0,50,"0"
"952",64,"all es",0,50,"0"
"953",64,"ES > 3 removed",1,50,"50"
"954",64,"all therapy",0,50,"0"
"955",64,"all sexes",1,50,"50"
"956",64,"male",0,50,"0"
"957",64,"female",0,50,"0"
"958",64,"all groups",1,50,"50"
"959",64,"adults",0,50,"0"
"960",64,"non-adults",0,50,"0"
"961",20,"p-uniform",0,11,"0"
"962",20,"uw",0,11,"0"
"963",20,"fe",1,11,"11"
"964",20,"reml",0,11,"0"
"965",20,"rve",0,11,"0"
"966",20,"3-level",0,11,"0"
"967",20,"all es",0,11,"0"
"968",20,"ES > 3 removed",1,11,"11"
"969",20,"all therapy",0,11,"0"
"970",20,"all sexes",0,11,"0"
"971",20,"male",0,11,"0"
"972",20,"female",1,11,"11"
"973",20,"all groups",0,11,"0"
"974",20,"adults",0,11,"0"
"975",20,"non-adults",1,11,"11"
"976",101,"p-uniform",0,8,"0"
"977",101,"uw",0,8,"0"
"978",101,"fe",1,8,"8"
"979",101,"reml",0,8,"0"
"980",101,"rve",0,8,"0"
"981",101,"3-level",0,8,"0"
"982",101,"all es",0,8,"0"
"983",101,"ES > 3 removed",1,8,"8"
"984",101,"all therapy",0,8,"0"
"985",101,"all sexes",0,8,"0"
"986",101,"male",0,8,"0"
"987",101,"female",1,8,"8"
"988",101,"all groups",0,8,"0"
"989",101,"adults",1,8,"8"
"990",101,"non-adults",0,8,"0"
"991",50,"p-uniform",0,15,"0"
"992",50,"uw",0,15,"0"
"993",50,"fe",1,15,"15"
"994",50,"reml",0,15,"0"
"995",50,"rve",0,15,"0"
"996",50,"3-level",0,15,"0"
"997",50,"all es",0,15,"0"
"998",50,"ES > 3 removed",1,15,"15"
"999",50,"all therapy",0,15,"0"
"1000",50,"all sexes",0,15,"0"
"1001",50,"male",0,15,"0"
"1002",50,"female",1,15,"15"
"1003",50,"all groups",1,15,"15"
"1004",50,"adults",0,15,"0"
"1005",50,"non-adults",0,15,"0"
"1006",103,"p-uniform",0,9,"0"
"1007",103,"uw",0,9,"0"
"1008",103,"fe",1,9,"9"
"1009",103,"reml",0,9,"0"
"1010",103,"rve",0,9,"0"
"1011",103,"3-level",0,9,"0"
"1012",103,"all es",0,9,"0"
"1013",103,"ES > 3 removed",1,9,"9"
"1014",103,"all therapy",0,9,"0"
"1015",103,"all sexes",0,9,"0"
"1016",103,"male",1,9,"9"
"1017",103,"female",0,9,"0"
"1018",103,"all groups",0,9,"0"
"1019",103,"adults",0,9,"0"
"1020",103,"non-adults",1,9,"9"
"1021",49,"p-uniform",0,10,"0"
"1022",49,"uw",0,10,"0"
"1023",49,"fe",1,10,"10"
"1024",49,"reml",0,10,"0"
"1025",49,"rve",0,10,"0"
"1026",49,"3-level",0,10,"0"
"1027",49,"all es",0,10,"0"
"1028",49,"ES > 3 removed",1,10,"10"
"1029",49,"all therapy",0,10,"0"
"1030",49,"all sexes",0,10,"0"
"1031",49,"male",1,10,"10"
"1032",49,"female",0,10,"0"
"1033",49,"all groups",0,10,"0"
"1034",49,"adults",1,10,"10"
"1035",49,"non-adults",0,10,"0"
"1036",72,"p-uniform",0,15,"0"
"1037",72,"uw",0,15,"0"
"1038",72,"fe",1,15,"15"
"1039",72,"reml",0,15,"0"
"1040",72,"rve",0,15,"0"
"1041",72,"3-level",0,15,"0"
"1042",72,"all es",0,15,"0"
"1043",72,"ES > 3 removed",1,15,"15"
"1044",72,"all therapy",0,15,"0"
"1045",72,"all sexes",0,15,"0"
"1046",72,"male",1,15,"15"
"1047",72,"female",0,15,"0"
"1048",72,"all groups",1,15,"15"
"1049",72,"adults",0,15,"0"
"1050",72,"non-adults",0,15,"0"
"1051",43,"p-uniform",0,20,"0"
"1052",43,"uw",0,20,"0"
"1053",43,"fe",1,20,"20"
"1054",43,"reml",0,20,"0"
"1055",43,"rve",0,20,"0"
"1056",43,"3-level",0,20,"0"
"1057",43,"all es",0,20,"0"
"1058",43,"ES > 3 removed",1,20,"20"
"1059",43,"all therapy",0,20,"0"
"1060",43,"all sexes",1,20,"20"
"1061",43,"male",0,20,"0"
"1062",43,"female",0,20,"0"
"1063",43,"all groups",0,20,"0"
"1064",43,"adults",0,20,"0"
"1065",43,"non-adults",1,20,"20"
"1066",73,"p-uniform",0,18,"0"
"1067",73,"uw",0,18,"0"
"1068",73,"fe",1,18,"18"
"1069",73,"reml",0,18,"0"
"1070",73,"rve",0,18,"0"
"1071",73,"3-level",0,18,"0"
"1072",73,"all es",0,18,"0"
"1073",73,"ES > 3 removed",1,18,"18"
"1074",73,"all therapy",0,18,"0"
"1075",73,"all sexes",1,18,"18"
"1076",73,"male",0,18,"0"
"1077",73,"female",0,18,"0"
"1078",73,"all groups",0,18,"0"
"1079",73,"adults",1,18,"18"
"1080",73,"non-adults",0,18,"0"
"1081",61,"p-uniform",0,30,"0"
"1082",61,"uw",0,30,"0"
"1083",61,"fe",1,30,"30"
"1084",61,"reml",0,30,"0"
"1085",61,"rve",0,30,"0"
"1086",61,"3-level",0,30,"0"
"1087",61,"all es",0,30,"0"
"1088",61,"ES > 3 removed",1,30,"30"
"1089",61,"all therapy",0,30,"0"
"1090",61,"all sexes",1,30,"30"
"1091",61,"male",0,30,"0"
"1092",61,"female",0,30,"0"
"1093",61,"all groups",1,30,"30"
"1094",61,"adults",0,30,"0"
"1095",61,"non-adults",0,30,"0"
"1096",90,"p-uniform",0,9,"0"
"1097",90,"uw",0,9,"0"
"1098",90,"fe",1,9,"9"
"1099",90,"reml",0,9,"0"
"1100",90,"rve",0,9,"0"
"1101",90,"3-level",0,9,"0"
"1102",90,"all es",0,9,"0"
"1103",90,"ES > 3 removed",1,9,"9"
"1104",90,"all therapy",0,9,"0"
"1105",90,"all sexes",0,9,"0"
"1106",90,"male",1,9,"9"
"1107",90,"female",0,9,"0"
"1108",90,"all groups",0,9,"0"
"1109",90,"adults",0,9,"0"
"1110",90,"non-adults",1,9,"9"
"1111",96,"p-uniform",0,10,"0"
"1112",96,"uw",0,10,"0"
"1113",96,"fe",1,10,"10"
"1114",96,"reml",0,10,"0"
"1115",96,"rve",0,10,"0"
"1116",96,"3-level",0,10,"0"
"1117",96,"all es",0,10,"0"
"1118",96,"ES > 3 removed",1,10,"10"
"1119",96,"all therapy",0,10,"0"
"1120",96,"all sexes",0,10,"0"
"1121",96,"male",1,10,"10"
"1122",96,"female",0,10,"0"
"1123",96,"all groups",0,10,"0"
"1124",96,"adults",1,10,"10"
"1125",96,"non-adults",0,10,"0"
"1126",94,"p-uniform",0,15,"0"
"1127",94,"uw",0,15,"0"
"1128",94,"fe",1,15,"15"
"1129",94,"reml",0,15,"0"
"1130",94,"rve",0,15,"0"
"1131",94,"3-level",0,15,"0"
"1132",94,"all es",0,15,"0"
"1133",94,"ES > 3 removed",1,15,"15"
"1134",94,"all therapy",0,15,"0"
"1135",94,"all sexes",0,15,"0"
"1136",94,"male",1,15,"15"
"1137",94,"female",0,15,"0"
"1138",94,"all groups",1,15,"15"
"1139",94,"adults",0,15,"0"
"1140",94,"non-adults",0,15,"0"
"1141",124,"p-uniform",0,2,"0"
"1142",124,"uw",0,2,"0"
"1143",124,"fe",1,2,"2"
"1144",124,"reml",0,2,"0"
"1145",124,"rve",0,2,"0"
"1146",124,"3-level",0,2,"0"
"1147",124,"all es",0,2,"0"
"1148",124,"ES > 3 removed",1,2,"2"
"1149",124,"all therapy",0,2,"0"
"1150",124,"all sexes",0,2,"0"
"1151",124,"male",1,2,"2"
"1152",124,"female",0,2,"0"
"1153",124,"all groups",0,2,"0"
"1154",124,"adults",0,2,"0"
"1155",124,"non-adults",1,2,"2"
"1156",114,"p-uniform",0,3,"0"
"1157",114,"uw",0,3,"0"
"1158",114,"fe",1,3,"3"
"1159",114,"reml",0,3,"0"
"1160",114,"rve",0,3,"0"
"1161",114,"3-level",0,3,"0"
"1162",114,"all es",0,3,"0"
"1163",114,"ES > 3 removed",1,3,"3"
"1164",114,"all therapy",0,3,"0"
"1165",114,"all sexes",0,3,"0"
"1166",114,"male",1,3,"3"
"1167",114,"female",0,3,"0"
"1168",114,"all groups",0,3,"0"
"1169",114,"adults",1,3,"3"
"1170",114,"non-adults",0,3,"0"
"1171",118,"p-uniform",0,5,"0"
"1172",118,"uw",0,5,"0"
"1173",118,"fe",1,5,"5"
"1174",118,"reml",0,5,"0"
"1175",118,"rve",0,5,"0"
"1176",118,"3-level",0,5,"0"
"1177",118,"all es",0,5,"0"
"1178",118,"ES > 3 removed",1,5,"5"
"1179",118,"all therapy",0,5,"0"
"1180",118,"all sexes",0,5,"0"
"1181",118,"male",1,5,"5"
"1182",118,"female",0,5,"0"
"1183",118,"all groups",1,5,"5"
"1184",118,"adults",0,5,"0"
"1185",118,"non-adults",0,5,"0"
"1186",102,"p-uniform",0,20,"0"
"1187",102,"uw",0,20,"0"
"1188",102,"fe",1,20,"20"
"1189",102,"reml",0,20,"0"
"1190",102,"rve",0,20,"0"
"1191",102,"3-level",0,20,"0"
"1192",102,"all es",0,20,"0"
"1193",102,"ES > 3 removed",1,20,"20"
"1194",102,"all therapy",0,20,"0"
"1195",102,"all sexes",0,20,"0"
"1196",102,"male",1,20,"20"
"1197",102,"female",0,20,"0"
"1198",102,"all groups",0,20,"0"
"1199",102,"adults",0,20,"0"
"1200",102,"non-adults",1,20,"20"
"1201",87,"p-uniform",0,23,"0"
"1202",87,"uw",0,23,"0"
"1203",87,"fe",1,23,"23"
"1204",87,"reml",0,23,"0"
"1205",87,"rve",0,23,"0"
"1206",87,"3-level",0,23,"0"
"1207",87,"all es",0,23,"0"
"1208",87,"ES > 3 removed",1,23,"23"
"1209",87,"all therapy",0,23,"0"
"1210",87,"all sexes",0,23,"0"
"1211",87,"male",1,23,"23"
"1212",87,"female",0,23,"0"
"1213",87,"all groups",0,23,"0"
"1214",87,"adults",1,23,"23"
"1215",87,"non-adults",0,23,"0"
"1216",95,"p-uniform",0,35,"0"
"1217",95,"uw",0,35,"0"
"1218",95,"fe",1,35,"35"
"1219",95,"reml",0,35,"0"
"1220",95,"rve",0,35,"0"
"1221",95,"3-level",0,35,"0"
"1222",95,"all es",0,35,"0"
"1223",95,"ES > 3 removed",1,35,"35"
"1224",95,"all therapy",0,35,"0"
"1225",95,"all sexes",0,35,"0"
"1226",95,"male",1,35,"35"
"1227",95,"female",0,35,"0"
"1228",95,"all groups",1,35,"35"
"1229",95,"adults",0,35,"0"
"1230",95,"non-adults",0,35,"0"
"1231",67,"p-uniform",0,31,"0"
"1232",67,"uw",0,31,"0"
"1233",67,"fe",1,31,"31"
"1234",67,"reml",0,31,"0"
"1235",67,"rve",0,31,"0"
"1236",67,"3-level",0,31,"0"
"1237",67,"all es",0,31,"0"
"1238",67,"ES > 3 removed",1,31,"31"
"1239",67,"all therapy",0,31,"0"
"1240",67,"all sexes",1,31,"31"
"1241",67,"male",0,31,"0"
"1242",67,"female",0,31,"0"
"1243",67,"all groups",0,31,"0"
"1244",67,"adults",0,31,"0"
"1245",67,"non-adults",1,31,"31"
"1246",91,"p-uniform",0,31,"0"
"1247",91,"uw",0,31,"0"
"1248",91,"fe",1,31,"31"
"1249",91,"reml",0,31,"0"
"1250",91,"rve",0,31,"0"
"1251",91,"3-level",0,31,"0"
"1252",91,"all es",0,31,"0"
"1253",91,"ES > 3 removed",1,31,"31"
"1254",91,"all therapy",0,31,"0"
"1255",91,"all sexes",1,31,"31"
"1256",91,"male",0,31,"0"
"1257",91,"female",0,31,"0"
"1258",91,"all groups",0,31,"0"
"1259",91,"adults",1,31,"31"
"1260",91,"non-adults",0,31,"0"
"1261",74,"p-uniform",0,50,"0"
"1262",74,"uw",0,50,"0"
"1263",74,"fe",1,50,"50"
"1264",74,"reml",0,50,"0"
"1265",74,"rve",0,50,"0"
"1266",74,"3-level",0,50,"0"
"1267",74,"all es",0,50,"0"
"1268",74,"ES > 3 removed",1,50,"50"
"1269",74,"all therapy",0,50,"0"
"1270",74,"all sexes",1,50,"50"
"1271",74,"male",0,50,"0"
"1272",74,"female",0,50,"0"
"1273",74,"all groups",1,50,"50"
"1274",74,"adults",0,50,"0"
"1275",74,"non-adults",0,50,"0"
"1276",25,"p-uniform",0,11,"0"
"1277",25,"uw",1,11,"11"
"1278",25,"fe",0,11,"0"
"1279",25,"reml",0,11,"0"
"1280",25,"rve",0,11,"0"
"1281",25,"3-level",0,11,"0"
"1282",25,"all es",0,11,"0"
"1283",25,"ES > 3 removed",1,11,"11"
"1284",25,"all therapy",0,11,"0"
"1285",25,"all sexes",0,11,"0"
"1286",25,"male",0,11,"0"
"1287",25,"female",1,11,"11"
"1288",25,"all groups",0,11,"0"
"1289",25,"adults",0,11,"0"
"1290",25,"non-adults",1,11,"11"
"1291",106,"p-uniform",0,8,"0"
"1292",106,"uw",1,8,"8"
"1293",106,"fe",0,8,"0"
"1294",106,"reml",0,8,"0"
"1295",106,"rve",0,8,"0"
"1296",106,"3-level",0,8,"0"
"1297",106,"all es",0,8,"0"
"1298",106,"ES > 3 removed",1,8,"8"
"1299",106,"all therapy",0,8,"0"
"1300",106,"all sexes",0,8,"0"
"1301",106,"male",0,8,"0"
"1302",106,"female",1,8,"8"
"1303",106,"all groups",0,8,"0"
"1304",106,"adults",1,8,"8"
"1305",106,"non-adults",0,8,"0"
"1306",45,"p-uniform",0,15,"0"
"1307",45,"uw",1,15,"15"
"1308",45,"fe",0,15,"0"
"1309",45,"reml",0,15,"0"
"1310",45,"rve",0,15,"0"
"1311",45,"3-level",0,15,"0"
"1312",45,"all es",0,15,"0"
"1313",45,"ES > 3 removed",1,15,"15"
"1314",45,"all therapy",0,15,"0"
"1315",45,"all sexes",0,15,"0"
"1316",45,"male",0,15,"0"
"1317",45,"female",1,15,"15"
"1318",45,"all groups",1,15,"15"
"1319",45,"adults",0,15,"0"
"1320",45,"non-adults",0,15,"0"
"1321",62,"p-uniform",0,9,"0"
"1322",62,"uw",1,9,"9"
"1323",62,"fe",0,9,"0"
"1324",62,"reml",0,9,"0"
"1325",62,"rve",0,9,"0"
"1326",62,"3-level",0,9,"0"
"1327",62,"all es",0,9,"0"
"1328",62,"ES > 3 removed",1,9,"9"
"1329",62,"all therapy",0,9,"0"
"1330",62,"all sexes",0,9,"0"
"1331",62,"male",1,9,"9"
"1332",62,"female",0,9,"0"
"1333",62,"all groups",0,9,"0"
"1334",62,"adults",0,9,"0"
"1335",62,"non-adults",1,9,"9"
"1336",17,"p-uniform",0,10,"0"
"1337",17,"uw",1,10,"10"
"1338",17,"fe",0,10,"0"
"1339",17,"reml",0,10,"0"
"1340",17,"rve",0,10,"0"
"1341",17,"3-level",0,10,"0"
"1342",17,"all es",0,10,"0"
"1343",17,"ES > 3 removed",1,10,"10"
"1344",17,"all therapy",0,10,"0"
"1345",17,"all sexes",0,10,"0"
"1346",17,"male",1,10,"10"
"1347",17,"female",0,10,"0"
"1348",17,"all groups",0,10,"0"
"1349",17,"adults",1,10,"10"
"1350",17,"non-adults",0,10,"0"
"1351",15,"p-uniform",0,15,"0"
"1352",15,"uw",1,15,"15"
"1353",15,"fe",0,15,"0"
"1354",15,"reml",0,15,"0"
"1355",15,"rve",0,15,"0"
"1356",15,"3-level",0,15,"0"
"1357",15,"all es",0,15,"0"
"1358",15,"ES > 3 removed",1,15,"15"
"1359",15,"all therapy",0,15,"0"
"1360",15,"all sexes",0,15,"0"
"1361",15,"male",1,15,"15"
"1362",15,"female",0,15,"0"
"1363",15,"all groups",1,15,"15"
"1364",15,"adults",0,15,"0"
"1365",15,"non-adults",0,15,"0"
"1366",33,"p-uniform",0,20,"0"
"1367",33,"uw",1,20,"20"
"1368",33,"fe",0,20,"0"
"1369",33,"reml",0,20,"0"
"1370",33,"rve",0,20,"0"
"1371",33,"3-level",0,20,"0"
"1372",33,"all es",0,20,"0"
"1373",33,"ES > 3 removed",1,20,"20"
"1374",33,"all therapy",0,20,"0"
"1375",33,"all sexes",1,20,"20"
"1376",33,"male",0,20,"0"
"1377",33,"female",0,20,"0"
"1378",33,"all groups",0,20,"0"
"1379",33,"adults",0,20,"0"
"1380",33,"non-adults",1,20,"20"
"1381",55,"p-uniform",0,18,"0"
"1382",55,"uw",1,18,"18"
"1383",55,"fe",0,18,"0"
"1384",55,"reml",0,18,"0"
"1385",55,"rve",0,18,"0"
"1386",55,"3-level",0,18,"0"
"1387",55,"all es",0,18,"0"
"1388",55,"ES > 3 removed",1,18,"18"
"1389",55,"all therapy",0,18,"0"
"1390",55,"all sexes",1,18,"18"
"1391",55,"male",0,18,"0"
"1392",55,"female",0,18,"0"
"1393",55,"all groups",0,18,"0"
"1394",55,"adults",1,18,"18"
"1395",55,"non-adults",0,18,"0"
"1396",29,"p-uniform",0,30,"0"
"1397",29,"uw",1,30,"30"
"1398",29,"fe",0,30,"0"
"1399",29,"reml",0,30,"0"
"1400",29,"rve",0,30,"0"
"1401",29,"3-level",0,30,"0"
"1402",29,"all es",0,30,"0"
"1403",29,"ES > 3 removed",1,30,"30"
"1404",29,"all therapy",0,30,"0"
"1405",29,"all sexes",1,30,"30"
"1406",29,"male",0,30,"0"
"1407",29,"female",0,30,"0"
"1408",29,"all groups",1,30,"30"
"1409",29,"adults",0,30,"0"
"1410",29,"non-adults",0,30,"0"
"1411",21,"p-uniform",0,9,"0"
"1412",21,"uw",1,9,"9"
"1413",21,"fe",0,9,"0"
"1414",21,"reml",0,9,"0"
"1415",21,"rve",0,9,"0"
"1416",21,"3-level",0,9,"0"
"1417",21,"all es",0,9,"0"
"1418",21,"ES > 3 removed",1,9,"9"
"1419",21,"all therapy",0,9,"0"
"1420",21,"all sexes",0,9,"0"
"1421",21,"male",1,9,"9"
"1422",21,"female",0,9,"0"
"1423",21,"all groups",0,9,"0"
"1424",21,"adults",0,9,"0"
"1425",21,"non-adults",1,9,"9"
"1426",108,"p-uniform",0,10,"0"
"1427",108,"uw",1,10,"10"
"1428",108,"fe",0,10,"0"
"1429",108,"reml",0,10,"0"
"1430",108,"rve",0,10,"0"
"1431",108,"3-level",0,10,"0"
"1432",108,"all es",0,10,"0"
"1433",108,"ES > 3 removed",1,10,"10"
"1434",108,"all therapy",0,10,"0"
"1435",108,"all sexes",0,10,"0"
"1436",108,"male",1,10,"10"
"1437",108,"female",0,10,"0"
"1438",108,"all groups",0,10,"0"
"1439",108,"adults",1,10,"10"
"1440",108,"non-adults",0,10,"0"
"1441",88,"p-uniform",0,15,"0"
"1442",88,"uw",1,15,"15"
"1443",88,"fe",0,15,"0"
"1444",88,"reml",0,15,"0"
"1445",88,"rve",0,15,"0"
"1446",88,"3-level",0,15,"0"
"1447",88,"all es",0,15,"0"
"1448",88,"ES > 3 removed",1,15,"15"
"1449",88,"all therapy",0,15,"0"
"1450",88,"all sexes",0,15,"0"
"1451",88,"male",1,15,"15"
"1452",88,"female",0,15,"0"
"1453",88,"all groups",1,15,"15"
"1454",88,"adults",0,15,"0"
"1455",88,"non-adults",0,15,"0"
"1456",126,"p-uniform",0,2,"0"
"1457",126,"uw",1,2,"2"
"1458",126,"fe",0,2,"0"
"1459",126,"reml",0,2,"0"
"1460",126,"rve",0,2,"0"
"1461",126,"3-level",0,2,"0"
"1462",126,"all es",0,2,"0"
"1463",126,"ES > 3 removed",1,2,"2"
"1464",126,"all therapy",0,2,"0"
"1465",126,"all sexes",0,2,"0"
"1466",126,"male",1,2,"2"
"1467",126,"female",0,2,"0"
"1468",126,"all groups",0,2,"0"
"1469",126,"adults",0,2,"0"
"1470",126,"non-adults",1,2,"2"
"1471",116,"p-uniform",0,3,"0"
"1472",116,"uw",1,3,"3"
"1473",116,"fe",0,3,"0"
"1474",116,"reml",0,3,"0"
"1475",116,"rve",0,3,"0"
"1476",116,"3-level",0,3,"0"
"1477",116,"all es",0,3,"0"
"1478",116,"ES > 3 removed",1,3,"3"
"1479",116,"all therapy",0,3,"0"
"1480",116,"all sexes",0,3,"0"
"1481",116,"male",1,3,"3"
"1482",116,"female",0,3,"0"
"1483",116,"all groups",0,3,"0"
"1484",116,"adults",1,3,"3"
"1485",116,"non-adults",0,3,"0"
"1486",121,"p-uniform",0,5,"0"
"1487",121,"uw",1,5,"5"
"1488",121,"fe",0,5,"0"
"1489",121,"reml",0,5,"0"
"1490",121,"rve",0,5,"0"
"1491",121,"3-level",0,5,"0"
"1492",121,"all es",0,5,"0"
"1493",121,"ES > 3 removed",1,5,"5"
"1494",121,"all therapy",0,5,"0"
"1495",121,"all sexes",0,5,"0"
"1496",121,"male",1,5,"5"
"1497",121,"female",0,5,"0"
"1498",121,"all groups",1,5,"5"
"1499",121,"adults",0,5,"0"
"1500",121,"non-adults",0,5,"0"
"1501",58,"p-uniform",0,20,"0"
"1502",58,"uw",1,20,"20"
"1503",58,"fe",0,20,"0"
"1504",58,"reml",0,20,"0"
"1505",58,"rve",0,20,"0"
"1506",58,"3-level",0,20,"0"
"1507",58,"all es",0,20,"0"
"1508",58,"ES > 3 removed",1,20,"20"
"1509",58,"all therapy",0,20,"0"
"1510",58,"all sexes",0,20,"0"
"1511",58,"male",1,20,"20"
"1512",58,"female",0,20,"0"
"1513",58,"all groups",0,20,"0"
"1514",58,"adults",0,20,"0"
"1515",58,"non-adults",1,20,"20"
"1516",80,"p-uniform",0,23,"0"
"1517",80,"uw",1,23,"23"
"1518",80,"fe",0,23,"0"
"1519",80,"reml",0,23,"0"
"1520",80,"rve",0,23,"0"
"1521",80,"3-level",0,23,"0"
"1522",80,"all es",0,23,"0"
"1523",80,"ES > 3 removed",1,23,"23"
"1524",80,"all therapy",0,23,"0"
"1525",80,"all sexes",0,23,"0"
"1526",80,"male",1,23,"23"
"1527",80,"female",0,23,"0"
"1528",80,"all groups",0,23,"0"
"1529",80,"adults",1,23,"23"
"1530",80,"non-adults",0,23,"0"
"1531",68,"p-uniform",0,35,"0"
"1532",68,"uw",1,35,"35"
"1533",68,"fe",0,35,"0"
"1534",68,"reml",0,35,"0"
"1535",68,"rve",0,35,"0"
"1536",68,"3-level",0,35,"0"
"1537",68,"all es",0,35,"0"
"1538",68,"ES > 3 removed",1,35,"35"
"1539",68,"all therapy",0,35,"0"
"1540",68,"all sexes",0,35,"0"
"1541",68,"male",1,35,"35"
"1542",68,"female",0,35,"0"
"1543",68,"all groups",1,35,"35"
"1544",68,"adults",0,35,"0"
"1545",68,"non-adults",0,35,"0"
"1546",37,"p-uniform",0,31,"0"
"1547",37,"uw",1,31,"31"
"1548",37,"fe",0,31,"0"
"1549",37,"reml",0,31,"0"
"1550",37,"rve",0,31,"0"
"1551",37,"3-level",0,31,"0"
"1552",37,"all es",0,31,"0"
"1553",37,"ES > 3 removed",1,31,"31"
"1554",37,"all therapy",0,31,"0"
"1555",37,"all sexes",1,31,"31"
"1556",37,"male",0,31,"0"
"1557",37,"female",0,31,"0"
"1558",37,"all groups",0,31,"0"
"1559",37,"adults",0,31,"0"
"1560",37,"non-adults",1,31,"31"
"1561",93,"p-uniform",0,31,"0"
"1562",93,"uw",1,31,"31"
"1563",93,"fe",0,31,"0"
"1564",93,"reml",0,31,"0"
"1565",93,"rve",0,31,"0"
"1566",93,"3-level",0,31,"0"
"1567",93,"all es",0,31,"0"
"1568",93,"ES > 3 removed",1,31,"31"
"1569",93,"all therapy",0,31,"0"
"1570",93,"all sexes",1,31,"31"
"1571",93,"male",0,31,"0"
"1572",93,"female",0,31,"0"
"1573",93,"all groups",0,31,"0"
"1574",93,"adults",1,31,"31"
"1575",93,"non-adults",0,31,"0"
"1576",63,"p-uniform",0,50,"0"
"1577",63,"uw",1,50,"50"
"1578",63,"fe",0,50,"0"
"1579",63,"reml",0,50,"0"
"1580",63,"rve",0,50,"0"
"1581",63,"3-level",0,50,"0"
"1582",63,"all es",0,50,"0"
"1583",63,"ES > 3 removed",1,50,"50"
"1584",63,"all therapy",0,50,"0"
"1585",63,"all sexes",1,50,"50"
"1586",63,"male",0,50,"0"
"1587",63,"female",0,50,"0"
"1588",63,"all groups",1,50,"50"
"1589",63,"adults",0,50,"0"
"1590",63,"non-adults",0,50,"0"
"1591",11,"p-uniform",1,11,"11"
"1592",11,"uw",0,11,"0"
"1593",11,"fe",0,11,"0"
"1594",11,"reml",0,11,"0"
"1595",11,"rve",0,11,"0"
"1596",11,"3-level",0,11,"0"
"1597",11,"all es",0,11,"0"
"1598",11,"ES > 3 removed",1,11,"11"
"1599",11,"all therapy",0,11,"0"
"1600",11,"all sexes",0,11,"0"
"1601",11,"male",0,11,"0"
"1602",11,"female",1,11,"11"
"1603",11,"all groups",0,11,"0"
"1604",11,"adults",0,11,"0"
"1605",11,"non-adults",1,11,"11"
"1606",109,"p-uniform",1,8,"8"
"1607",109,"uw",0,8,"0"
"1608",109,"fe",0,8,"0"
"1609",109,"reml",0,8,"0"
"1610",109,"rve",0,8,"0"
"1611",109,"3-level",0,8,"0"
"1612",109,"all es",0,8,"0"
"1613",109,"ES > 3 removed",1,8,"8"
"1614",109,"all therapy",0,8,"0"
"1615",109,"all sexes",0,8,"0"
"1616",109,"male",0,8,"0"
"1617",109,"female",1,8,"8"
"1618",109,"all groups",0,8,"0"
"1619",109,"adults",1,8,"8"
"1620",109,"non-adults",0,8,"0"
"1621",12,"p-uniform",1,15,"15"
"1622",12,"uw",0,15,"0"
"1623",12,"fe",0,15,"0"
"1624",12,"reml",0,15,"0"
"1625",12,"rve",0,15,"0"
"1626",12,"3-level",0,15,"0"
"1627",12,"all es",0,15,"0"
"1628",12,"ES > 3 removed",1,15,"15"
"1629",12,"all therapy",0,15,"0"
"1630",12,"all sexes",0,15,"0"
"1631",12,"male",0,15,"0"
"1632",12,"female",1,15,"15"
"1633",12,"all groups",1,15,"15"
"1634",12,"adults",0,15,"0"
"1635",12,"non-adults",0,15,"0"
"1636",1,"p-uniform",1,9,"9"
"1637",1,"uw",0,9,"0"
"1638",1,"fe",0,9,"0"
"1639",1,"reml",0,9,"0"
"1640",1,"rve",0,9,"0"
"1641",1,"3-level",0,9,"0"
"1642",1,"all es",0,9,"0"
"1643",1,"ES > 3 removed",1,9,"9"
"1644",1,"all therapy",0,9,"0"
"1645",1,"all sexes",0,9,"0"
"1646",1,"male",1,9,"9"
"1647",1,"female",0,9,"0"
"1648",1,"all groups",0,9,"0"
"1649",1,"adults",0,9,"0"
"1650",1,"non-adults",1,9,"9"
"1651",3,"p-uniform",1,10,"10"
"1652",3,"uw",0,10,"0"
"1653",3,"fe",0,10,"0"
"1654",3,"reml",0,10,"0"
"1655",3,"rve",0,10,"0"
"1656",3,"3-level",0,10,"0"
"1657",3,"all es",0,10,"0"
"1658",3,"ES > 3 removed",1,10,"10"
"1659",3,"all therapy",0,10,"0"
"1660",3,"all sexes",0,10,"0"
"1661",3,"male",1,10,"10"
"1662",3,"female",0,10,"0"
"1663",3,"all groups",0,10,"0"
"1664",3,"adults",1,10,"10"
"1665",3,"non-adults",0,10,"0"
"1666",2,"p-uniform",1,15,"15"
"1667",2,"uw",0,15,"0"
"1668",2,"fe",0,15,"0"
"1669",2,"reml",0,15,"0"
"1670",2,"rve",0,15,"0"
"1671",2,"3-level",0,15,"0"
"1672",2,"all es",0,15,"0"
"1673",2,"ES > 3 removed",1,15,"15"
"1674",2,"all therapy",0,15,"0"
"1675",2,"all sexes",0,15,"0"
"1676",2,"male",1,15,"15"
"1677",2,"female",0,15,"0"
"1678",2,"all groups",1,15,"15"
"1679",2,"adults",0,15,"0"
"1680",2,"non-adults",0,15,"0"
"1681",7,"p-uniform",1,20,"20"
"1682",7,"uw",0,20,"0"
"1683",7,"fe",0,20,"0"
"1684",7,"reml",0,20,"0"
"1685",7,"rve",0,20,"0"
"1686",7,"3-level",0,20,"0"
"1687",7,"all es",0,20,"0"
"1688",7,"ES > 3 removed",1,20,"20"
"1689",7,"all therapy",0,20,"0"
"1690",7,"all sexes",1,20,"20"
"1691",7,"male",0,20,"0"
"1692",7,"female",0,20,"0"
"1693",7,"all groups",0,20,"0"
"1694",7,"adults",0,20,"0"
"1695",7,"non-adults",1,20,"20"
"1696",18,"p-uniform",1,18,"18"
"1697",18,"uw",0,18,"0"
"1698",18,"fe",0,18,"0"
"1699",18,"reml",0,18,"0"
"1700",18,"rve",0,18,"0"
"1701",18,"3-level",0,18,"0"
"1702",18,"all es",0,18,"0"
"1703",18,"ES > 3 removed",1,18,"18"
"1704",18,"all therapy",0,18,"0"
"1705",18,"all sexes",1,18,"18"
"1706",18,"male",0,18,"0"
"1707",18,"female",0,18,"0"
"1708",18,"all groups",0,18,"0"
"1709",18,"adults",1,18,"18"
"1710",18,"non-adults",0,18,"0"
"1711",6,"p-uniform",1,30,"30"
"1712",6,"uw",0,30,"0"
"1713",6,"fe",0,30,"0"
"1714",6,"reml",0,30,"0"
"1715",6,"rve",0,30,"0"
"1716",6,"3-level",0,30,"0"
"1717",6,"all es",0,30,"0"
"1718",6,"ES > 3 removed",1,30,"30"
"1719",6,"all therapy",0,30,"0"
"1720",6,"all sexes",1,30,"30"
"1721",6,"male",0,30,"0"
"1722",6,"female",0,30,"0"
"1723",6,"all groups",1,30,"30"
"1724",6,"adults",0,30,"0"
"1725",6,"non-adults",0,30,"0"
"1726",14,"p-uniform",1,9,"9"
"1727",14,"uw",0,9,"0"
"1728",14,"fe",0,9,"0"
"1729",14,"reml",0,9,"0"
"1730",14,"rve",0,9,"0"
"1731",14,"3-level",0,9,"0"
"1732",14,"all es",0,9,"0"
"1733",14,"ES > 3 removed",1,9,"9"
"1734",14,"all therapy",0,9,"0"
"1735",14,"all sexes",0,9,"0"
"1736",14,"male",1,9,"9"
"1737",14,"female",0,9,"0"
"1738",14,"all groups",0,9,"0"
"1739",14,"adults",0,9,"0"
"1740",14,"non-adults",1,9,"9"
"1741",57,"p-uniform",1,15,"15"
"1742",57,"uw",0,15,"0"
"1743",57,"fe",0,15,"0"
"1744",57,"reml",0,15,"0"
"1745",57,"rve",0,15,"0"
"1746",57,"3-level",0,15,"0"
"1747",57,"all es",0,15,"0"
"1748",57,"ES > 3 removed",1,15,"15"
"1749",57,"all therapy",0,15,"0"
"1750",57,"all sexes",0,15,"0"
"1751",57,"male",1,15,"15"
"1752",57,"female",0,15,"0"
"1753",57,"all groups",1,15,"15"
"1754",57,"adults",0,15,"0"
"1755",57,"non-adults",0,15,"0"
"1756",122,"p-uniform",1,2,"2"
"1757",122,"uw",0,2,"0"
"1758",122,"fe",0,2,"0"
"1759",122,"reml",0,2,"0"
"1760",122,"rve",0,2,"0"
"1761",122,"3-level",0,2,"0"
"1762",122,"all es",0,2,"0"
"1763",122,"ES > 3 removed",1,2,"2"
"1764",122,"all therapy",0,2,"0"
"1765",122,"all sexes",0,2,"0"
"1766",122,"male",1,2,"2"
"1767",122,"female",0,2,"0"
"1768",122,"all groups",0,2,"0"
"1769",122,"adults",0,2,"0"
"1770",122,"non-adults",1,2,"2"
"1771",112,"p-uniform",1,3,"3"
"1772",112,"uw",0,3,"0"
"1773",112,"fe",0,3,"0"
"1774",112,"reml",0,3,"0"
"1775",112,"rve",0,3,"0"
"1776",112,"3-level",0,3,"0"
"1777",112,"all es",0,3,"0"
"1778",112,"ES > 3 removed",1,3,"3"
"1779",112,"all therapy",0,3,"0"
"1780",112,"all sexes",0,3,"0"
"1781",112,"male",1,3,"3"
"1782",112,"female",0,3,"0"
"1783",112,"all groups",0,3,"0"
"1784",112,"adults",1,3,"3"
"1785",112,"non-adults",0,3,"0"
"1786",117,"p-uniform",1,5,"5"
"1787",117,"uw",0,5,"0"
"1788",117,"fe",0,5,"0"
"1789",117,"reml",0,5,"0"
"1790",117,"rve",0,5,"0"
"1791",117,"3-level",0,5,"0"
"1792",117,"all es",0,5,"0"
"1793",117,"ES > 3 removed",1,5,"5"
"1794",117,"all therapy",0,5,"0"
"1795",117,"all sexes",0,5,"0"
"1796",117,"male",1,5,"5"
"1797",117,"female",0,5,"0"
"1798",117,"all groups",1,5,"5"
"1799",117,"adults",0,5,"0"
"1800",117,"non-adults",0,5,"0"
"1801",5,"p-uniform",1,20,"20"
"1802",5,"uw",0,20,"0"
"1803",5,"fe",0,20,"0"
"1804",5,"reml",0,20,"0"
"1805",5,"rve",0,20,"0"
"1806",5,"3-level",0,20,"0"
"1807",5,"all es",0,20,"0"
"1808",5,"ES > 3 removed",1,20,"20"
"1809",5,"all therapy",0,20,"0"
"1810",5,"all sexes",0,20,"0"
"1811",5,"male",1,20,"20"
"1812",5,"female",0,20,"0"
"1813",5,"all groups",0,20,"0"
"1814",5,"adults",0,20,"0"
"1815",5,"non-adults",1,20,"20"
"1816",4,"p-uniform",1,23,"23"
"1817",4,"uw",0,23,"0"
"1818",4,"fe",0,23,"0"
"1819",4,"reml",0,23,"0"
"1820",4,"rve",0,23,"0"
"1821",4,"3-level",0,23,"0"
"1822",4,"all es",0,23,"0"
"1823",4,"ES > 3 removed",1,23,"23"
"1824",4,"all therapy",0,23,"0"
"1825",4,"all sexes",0,23,"0"
"1826",4,"male",1,23,"23"
"1827",4,"female",0,23,"0"
"1828",4,"all groups",0,23,"0"
"1829",4,"adults",1,23,"23"
"1830",4,"non-adults",0,23,"0"
"1831",9,"p-uniform",1,35,"35"
"1832",9,"uw",0,35,"0"
"1833",9,"fe",0,35,"0"
"1834",9,"reml",0,35,"0"
"1835",9,"rve",0,35,"0"
"1836",9,"3-level",0,35,"0"
"1837",9,"all es",0,35,"0"
"1838",9,"ES > 3 removed",1,35,"35"
"1839",9,"all therapy",0,35,"0"
"1840",9,"all sexes",0,35,"0"
"1841",9,"male",1,35,"35"
"1842",9,"female",0,35,"0"
"1843",9,"all groups",1,35,"35"
"1844",9,"adults",0,35,"0"
"1845",9,"non-adults",0,35,"0"
"1846",8,"p-uniform",1,31,"31"
"1847",8,"uw",0,31,"0"
"1848",8,"fe",0,31,"0"
"1849",8,"reml",0,31,"0"
"1850",8,"rve",0,31,"0"
"1851",8,"3-level",0,31,"0"
"1852",8,"all es",0,31,"0"
"1853",8,"ES > 3 removed",1,31,"31"
"1854",8,"all therapy",0,31,"0"
"1855",8,"all sexes",1,31,"31"
"1856",8,"male",0,31,"0"
"1857",8,"female",0,31,"0"
"1858",8,"all groups",0,31,"0"
"1859",8,"adults",0,31,"0"
"1860",8,"non-adults",1,31,"31"
"1861",13,"p-uniform",1,31,"31"
"1862",13,"uw",0,31,"0"
"1863",13,"fe",0,31,"0"
"1864",13,"reml",0,31,"0"
"1865",13,"rve",0,31,"0"
"1866",13,"3-level",0,31,"0"
"1867",13,"all es",0,31,"0"
"1868",13,"ES > 3 removed",1,31,"31"
"1869",13,"all therapy",0,31,"0"
"1870",13,"all sexes",1,31,"31"
"1871",13,"male",0,31,"0"
"1872",13,"female",0,31,"0"
"1873",13,"all groups",0,31,"0"
"1874",13,"adults",1,31,"31"
"1875",13,"non-adults",0,31,"0"
"1876",10,"p-uniform",1,50,"50"
"1877",10,"uw",0,50,"0"
"1878",10,"fe",0,50,"0"
"1879",10,"reml",0,50,"0"
"1880",10,"rve",0,50,"0"
"1881",10,"3-level",0,50,"0"
"1882",10,"all es",0,50,"0"
"1883",10,"ES > 3 removed",1,50,"50"
"1884",10,"all therapy",0,50,"0"
"1885",10,"all sexes",1,50,"50"
"1886",10,"male",0,50,"0"
"1887",10,"female",0,50,"0"
"1888",10,"all groups",1,50,"50"
"1889",10,"adults",0,50,"0"
"1890",10,"non-adults",0,50,"0"
